    {
        "TRACK_FILE": "LMS_Track6.txt",
        "scenario": 1,
        "PREDICTION_HORIZON": 7.0,
        "TIME_STEP": 0.1,
        "NUM_DISCRETIZATION_STEPS": 50,
        "MAX_SIMULATION_TIME": 30.0,
        "DIST_THRESHOLD": 1.0,
        "N_OBSTACLES_MAX": 3,
        "OBSTACLE_WIDTH": 0.15,
        "OBSTACLE_LENGTH": 0.25,
        "Q_SAFE": [5, 5, 1, 1, 1, 1, 1, 1],
        "QE_SAFE": [1, 10, 1, 1, 1, 1],
        "Q_OBB": [1000.0, 0.1, 0.0000001, 0.00000001, 0.1, 0.005, 0.001, 0.05],
        "QE_OBB": [5000.0, 0.1, 1.0, 0.00000001, 0.005, 0.005],
        "Sgoal": 1.75,
        "cov_noise": [0.00025, 0.00025],
        "ttc": 0,
        "eta": 0.9545
    }
